date,ticker,score,entry,rsi,room,fall,trend,earn_block,mode,r5,r10,spy5,spy10,fell_first
2026-10-08,BAYN.DE,95,42.59000015258789,26.9,3.14,📉 big fall -13% (20d),🔻 uptrend broke,False,fast,,,,,
2026-10-08,BMW.DE,91,52.18000030517578,25.3,2.55,📉 big fall -17% (20d),📉 downtrend,False,fast,,,,,
2026-10-08,MBG.DE,91,39.025001525878906,25.6,2.43,📉 big fall -17% (20d),trend unclear,False,fast,,,,,
2026-10-08,FICO,79,707.4299926757812,33.9,3.15,📉 big fall -26% (20d),📉 downtrend,False,fast,,,,,
2026-10-08,MC.PA,78,380.8999938964844,31.0,2.19,,trend unclear,False,fast,,,,,
2026-10-08,RCAT,76,5.909999847412109,26.7,1.98,📉 big fall -27% (20d),📉 downtrend,False,fast,,,,,
2026-10-08,VOW3.DE,74,66.5999984741211,32.5,2.02,📉 big fall -18% (20d),〰️ sideways,False,fast,,,,,
2026-10-08,SNEX,74,60.099998474121094,32.3,2.3,⚡ sharp fall -8% (5d),📉 downtrend,False,fast,,,,,
2026-10-08,QBTS,73,14.600000381469727,33.0,2.75,⚡ sharp fall -12% (5d),〰️ sideways,False,fast,,,,,
2026-10-08,GS,70,882.5900268554688,29.1,1.66,📉 big fall -13% (20d),📉 downtrend,False,fast,,,,,
2026-10-08,BAC,69,53.61000061035156,24.5,1.47,📉 big fall -14% (20d),📉 downtrend,False,fast,,,,,
2026-10-08,O,66,54.16999816894531,30.9,1.59,,📉 downtrend,False,fast,,,,,
2026-10-08,PLD,64,129.2899932861328,36.9,2.0,,📉 downtrend,False,fast,,,,,
2026-10-08,VZ,62,46.349998474121094,40.8,5.07,,〰️ sideways,False,fast,,,,,
2026-10-08,RTX,61,184.32000732421875,32.7,1.59,,📉 downtrend,False,fast,,,,,
